{
  "waypoints": [
    {
      "delay": 3,
      "name": "WP1 (0.2,-0.0)",
      "x": 0.15794517622124454,
      "y": -0.04952634174015915,
      "yaw": 1.9935154764281953
    },
    {
      "delay": 3,
      "name": "WP2 (-0.3,0.9)",
      "x": -0.25592080508246745,
      "y": 0.8547508644272678,
      "yaw": 1.9857775464832212
    },
    {
      "name": "Waypoint 3",
      "x": 1.9933711108687688,
      "y": 0.4856727918330692,
      "yaw": 0.06297966243294455
    }
  ]
}